INSERT INTO buyer (`buyer_id`,`name`,`team`) VALUES
(1,'Landmark','TL-Rajeshwari'),
(2,'UCB','TL-Rajeshwari'),
(3,'Strong Suit','TL-Rajeshwari'),
(4,'Edifice','TL-Rajeshwari'),
(33,'Being Human','TL-Rajeshwari'),
(5,'Other','TL-Rajeshwari'),
(6,'TML - Formal','TL-Amit'),
(7,'TML - Casual & Women','TL-Amit'),
(8,'Carrefour','TL-Amit'),
(9,'PRL','TL-Amit'),
(10,'Moss Bros','TL-Amit'),
(11,'Other','TL-Amit'),
(12,'Dressmann','TL-Tanushree'),
(13,'Reiss','TL-Tanushree'),
(14,'Jaeger','TL-Tanushree'),
(15,'Esprit','TL-Tanushree'),
(16,'BS- Selected','TL-Tanushree'),
(17,'BS- Jack & Jones','TL-Tanushree'),
(18,'BS- Jack & Jones India','TL-Tanushree'),
(19,'Tommy Hilfiger','TL-Tanushree'),
(20,'Other','TL-Tanushree'),
(21,'Thomas Pink','TL-Malini'),
(22,'Celio','TL-Malini'),
(23,'Defursac','TL-Malini'),
(24,'CT','TL-Malini'),
(25,'Hackett','TL-Malini'),
(26,'Mango','TL-Malini'),
(27,'Peter Jackson','TL-Malini'),
(28,'H&C','TL-Malini'),
(29,'Other','TL-Malini'),
(30,'Indian Terrain','TL-Smitha'),
(31,'Other','TL-Smitha'),
(32,'Other','Marketing');

INSERT INTO problem (`prob_id`,`name`,`department`) VALUES
(1,'Loading Problem','Cutting'),
(2,'Re-Cutting Problem','Cutting'),
(3,'Other Problem','Cutting'),
(4,'Operator Discipline','Human Resource'),
(5,'Unplanned Absenteeism','Human Resource'),
(6,'Other Problem','Human Resource'),
(7,'Allocated Operator Unavailable','Industrial Engineering'),
(8,'Machine not available','Industrial Engineering'),
(9,'Balancing Not Done','Industrial Engineering'),
(10,'Other Problem','Industrial Engineering'),
(11,'Machine Breakdown','Maintenance'),
(12,'Machine Settings','Maintenance'),
(13,'Other Problem','Maintenance'),
(14,'Cutting Quality','Quality'),
(15,'Sewing alteration','Quality'),
(16,'Quality approval','Quality'),
(17,'Other Problem','Quality'),
(18,'Quality Problem','Trims'),
(19,'Wrong Trims Issued','Trims'),
(20,'Mixing Trims Problem','Trims'),
(21,'Other Problem','Trims'),
(22,'Operator Handling Problem','Training'),
(23,'Skills Problem','Training'),
(24,'Other Problem','Training'),
(25,'No Pulling','Finishing'),
(26,'Other Problem','Finishing'),
(27,'No Monitoring','Production'),
(28,'Feeding Helper Problem','Production'),
(29,'Other Problem','Production');

INSERT INTO `designation` (`desgn_id`, `name`, `line`,`level`) VALUES
(1, 'Floor IE 1st Floor', '1,2,3,4', 1),
(2, 'Floor IE 2nd Floor', '5,6,7,8', 1),
(3, 'Cutting Executive 1st Floor', '1,2,3,4', 1),
(4, 'Cutting Executive 2nd Floor', '5,6,7,8', 1),
(5, 'Production Manager 1st Floor', '1,2,3,4', 1),
(6, 'Production Manager 2nd Floor', '5,6,7,8', 1),
(7, 'Senior Executive Quality 1st Floor', '1,2,3,4', 1),
(8, 'Senior Executive Quality 2nd Floor', '5,6,7,8', 1),
(9, 'Senior Mechanic 1st Floor', '1,2,3,4', 1),
(10, 'Senior Mechanic 2nd Floor', '5,6,7,8', 1),
(11, 'Welfare Officer 1st Floor', '1,2,3,4', 1),
(12, 'Welfare Officer 2nd Floor', '5,6,7,8', 1),
(13, 'Input Quality Manager', '1,2,3,4,5,6,7,8', 1),
(14, 'Trim Controller', '1,2,3,4,5,6,7,8', 1),
(15, 'Mechanic Line 1', '1', 1),
(16, 'Mechanic Line 2', '2', 1),
(17, 'Mechanic Line 3', '3', 1),
(18, 'Mechanic Line 4', '4', 1),
(19, 'Mechanic Line 5', '5', 1),
(20, 'Mechanic Line 6', '6', 1),
(21, 'Mechanic Line 7', '7', 1),
(22, 'Mechanic Line 8', '8', 1),
(23, 'Senior Electrician', '1,2,3,4,5,6,7,8', 1),
(24, 'Head Mechanics', '1,2,3,4,5,6,7,8', 1),
(25, 'Assitant Manager Cutting', '1,2,3,4,5,6,7,8', 2),
(26, 'Manager Cutting', '1,2,3,4,5,6,7,8', 2),
(27, 'Quality Manager', '1,2,3,4,5,6,7,8', 2),
(28, 'Assistant Factory Manager', '1,2,3,4,5,6,7,8', 2),
(29, 'Assistant Manager Maintenance', '1,2,3,4,5,6,7,8', 2),
(30, 'Manager Maintenance', '1,2,3,4,5,6,7,8', 2),
(31, 'IE Manager', '1,2,3,4,5,6,7,8', 2),
(32, 'Senior Manager Projects', '1,2,3,4,5,6,7,8', 2),
(33, 'Senior Manager Quality', '1,2,3,4,5,6,7,8', 2),
(34, 'Assistant Manager HR', '1,2,3,4,5,6,7,8', 2),
(35, 'HR Head', '1,2,3,4,5,6,7,8', 2),
(36, 'Factory Manager', '1,2,3,4,5,6,7,8', 3),
(37, 'Head of Operations', '1,2,3,4,5,6,7,8', 3),
(38, 'Technical and Quality Head', '1,2,3,4,5,6,7,8', 1),
(39, 'Washing Coordinator', '1,2,3,4,5,6,7,8', 1),
(40, 'Line IE', '1,2,3,4,5,6,7,8', 0),
(41, 'Line Incharge', '1,2,3,4,5,6,7,8', 0),
(42, 'Team Leader Quality', '1,2,3,4,5,6,7,8', 0),
(43, 'SMED Executive', '1,2,3,4,5,6,7,8', 1),
(44, 'Line 1 Trainer', '1', 1),
(45, 'Line 2 Trainer', '2', 1),
(46, 'Line 3 Trainer', '3', 1),
(47, 'Line 4 Trainer', '4', 1),
(48, 'Line 5 Trainer', '5', 1),
(49, 'Line 6 Trainer', '6', 1),
(50, 'Line 7 Trainer', '7', 1),
(51, 'Line 8 Trainer', '8', 1),
(52, 'Planning Executive', '1,2,3,4,5,6,7,8', 1),
(53, 'Supervisor', '1,2,3,4,5,6,7,8', 0),
(54, 'Training Head', '1,2,3,4,5,6,7,8', 2),
(55, 'Pre-Production', '1,2,3,4,5,6,7,8', 1),
(56, 'Finishing Incharge', '1,2,3,4,5,6,7,8', 1);

INSERT INTO `DESIGNATION_PROBLEM` (`prob_id`,`desgn_id`) VALUES
(1,1),(1,2),(1,3),(1,4),(1,5),(1,6),(1,25),(1,26),(1,52),(1,36),(1,37),
(2,1),(2,2),(2,3),(2,4),(2,5),(2,6),(2,25),(2,26),(2,36),(2,37),
(3,1),(3,2),(3,3),(3,4),(3,5),(3,6),(3,25),(3,26),(3,36),(3,37),
(4,11),(4,12),(4,34),(4,35),(4,36),(4,37),
(5,1),(5,2),(5,5),(5,6),(5,11),(5,12),(5,34),(5,35),(5,36),(5,37),
(6,2),(6,5),(6,6),(6,11),(6,12),(6,34),(6,35),(6,36),(6,37),
(7,1),(7,2),(7,5),(7,6),(7,31),(7,32),(7,36),(7,37),
(8,1),(8,2),(8,5),(8,6),(8,31),(8,32),(8,36),(8,37),
(9,1),(9,2),(9,5),(9,6),(9,31),(9,32),(9,36),(9,37),
(10,1),(10,2),(10,5),(10,6),(10,31),(10,32),(10,36),(10,37),
(11,9),(11,10),(11,15),(11,16),(11,17),(11,18),(11,19),(11,20),(11,21),(11,22),(11,23),(11,24),(11,29),(11,30),(11,36),(11,37),
(12,9),(12,10),(12,15),(12,16),(12,17),(12,18),(12,19),(12,20),(12,21),(12,22),(12,23),(12,24),(12,29),(12,30),(12,36),(12,37),
(13,9),(13,10),(13,15),(13,16),(13,17),(13,18),(13,19),(13,20),(13,21),(13,22),(13,23),(13,24),(13,29),(13,30),(13,36),(13,37),
(14,1),(14,2),(14,3),(14,4),(14,5),(14,6),(14,7),(14,8),(14,25),(14,26),(14,27),(14,33),(14,38),(14,36),(14,37),
(15,7),(15,8),(15,27),(15,33),(15,38),(15,36),(15,37),
(16,7),(16,8),(16,27),(16,33),(16,38),(16,55),(16,36),(16,37),
(17,7),(17,8),(17,27),(17,33),(17,38),(17,55),(17,36),(17,37),
(18,7),(18,8),(18,13),(18,27),(18,28),(18,33),(18,38),(18,36),(18,37),
(19,1),(19,2),(19,5),(19,6),(19,14),(19,28),(19,36),(19,37),
(20,1),(20,2),(20,5),(20,6),(20,14),(20,28),(20,36),(20,37),
(21,1),(21,2),(21,5),(21,6),(21,14),(21,28),(21,36),(21,37),
(22,32),(22,44),(22,45),(22,46),(22,47),(22,48),(22,49),(22,50),(22,51),(22,54),(22,36),(22,37),
(23,32),(23,44),(23,45),(23,46),(23,47),(23,48),(23,49),(23,50),(23,51),(23,54),(23,36),(23,37),
(24,32),(24,44),(24,45),(24,46),(24,47),(24,48),(24,49),(24,50),(24,51),(24,54),(24,36),(24,37),
(25,28),(25,39),(25,56),(25,36),(25,37),
(26,28),(26,39),(26,56),(26,36),(26,37),
(27,1),(27,2),(27,5),(27,6),(27,36),(27,37),
(28,1),(28,2),(28,5),(28,6),(28,36),(28,37),
(29,1),(29,2),(29,5),(29,6),(29,36),(29,37);
--
--
--INSERT INTO `user` (`user_id`, `email`, `last_modified`, `level`, `mobile`, `name`, `otp`, `password`, `role`, `user_type`, `desgn_id`,`active`) VALUES
--(7, 'jawed_akhtar@laguna-clothing.com', '2017-05-24 18:21:08', 'LEVEL2', '8971496159', 'Md Jawed Akhtar', NULL, '$2a$10$xCQxsoHf1RK37gLMGwN/o.b9yO1j.oVzrTqRtqfsiftftcKthLhza', 'USER', 'MERCHANDISING', NULL, 1),
--(8, 'akshara_kumar@laguna-clothing.com', '2017-04-26 17:31:28', 'LEVEL0', '9880376883', 'Akshara Kumar', NULL, '$2a$10$hpyHv7Y8LHKhdoWunUGyju7g263FdqNfX1K8Ljos1Fz0UilBxZmUO', 'USER', 'SAMPLING', NULL, 1),
--(9, 'jerlinrosel@gmail.com', '2017-04-10 15:22:56', 'LEVEL0', '8870007627', 'Jerlin Rose', NULL, '$2a$10$xfZW9.Bb5EJw7BoCjXmTt.BxuvweBvjNJpjE7GQ9AGYndnaztsCNK', 'USER', 'SAMPLING', NULL, 1),
--(10, 'nehaaidasani.nift@gmail.com', '2017-04-10 15:32:36', 'LEVEL1', '8239710310', 'Neha Aidasani', NULL, '$2a$10$CqoIYq7Zo1qfVD12i7PTB.RIItRhItVsiYairWgB8yYVhGQ8R56qu', 'USER', 'MERCHANDISING', NULL, 1),
--(11, 'khushboo_parashar@laguna-clothing.com', '2017-04-11 11:57:09', 'LEVEL1', '8123101648', 'Khushboo Parashar', NULL, '$2a$10$I.oCSiym90DQ8SpvGq0FqeEcoEO9kEn9a78bKLKhPt3DO33Cs5i7u', 'USER', 'MERCHANDISING', NULL, 1),
--(12, 'esha_mishra@laguna-clothing.com', '2017-04-11 11:58:50', 'LEVEL1', '8861888307', 'Esha Mishra', NULL, '$2a$10$PhWSvXutkuiS5YC.5mQe..7GgNN7UCLeekgV4qQLf/4MFoLkkIt2u', 'USER', 'MERCHANDISING', NULL, 1),
--(13, 'ruchika_agarwal@laguna-clothing.com', '2017-04-11 12:02:21', 'LEVEL1', '8017078767', 'Ruchika Agarwal', NULL, '$2a$10$V6DpGjn0ltm0WF1iOM50.utPtos4jQhVM5yrRKiJ3h3Fe.IpS4h46', 'USER', 'MERCHANDISING', NULL, 1),
--(14, 'amit_sharma@laguna-clothing.com', '2017-04-11 12:08:06', 'LEVEL2', '9916506310', 'Amit Sharma', NULL, '$2a$10$E7Ha71hT0B/TrQV1kkOgx.6eEJrHnTCBi8ilEhTgGme6vb5kcM4DS', 'USER', 'MERCHANDISING', NULL, 1),
--(15, 'kanishka_i@laguna-clothing.com', '2017-04-11 12:11:34', 'LEVEL1', '9901625188', 'Kanishka', NULL, '$2a$10$JpbLopoN/bSABqfWDwIAquXS8NdTc9SG6.Pmc4WxCnqRk613cc1DG', 'USER', 'MERCHANDISING', NULL, 1),
--(16, 'ankit_jha@laguna-clothing.com', '2017-04-11 12:18:40', 'LEVEL1', '9882000407', 'Ankit Jha', NULL, '$2a$10$zLkNQXNaER4Pe6oYmRA05uENZuPcJqXQZ3IZ/NcG7BS9jX40lWNbq', 'USER', 'MERCHANDISING', NULL, 1),
--(17, 'akash_yadav@laguna-clothing.com', '2017-04-11 12:24:43', 'LEVEL1', '9044228880', 'Akash Yadav', NULL, '$2a$10$uM4bGNxUnOczDV/jfxs6HeZ4.sWTRkPDN/t0e5wwRYsdPrtNtSAh6', 'USER', 'MERCHANDISING', NULL, 1),
--(18, 'tanushree_dey@laguna-clothing.com', '2017-04-11 12:30:33', 'LEVEL2', '9844833937', 'Tanushree Dey', NULL, '$2a$10$73Ry2v0ToRGc7zjSWyoA9uLmqlJrtQ6yjdwKORshSSUHeQIT7267K', 'USER', 'MERCHANDISING', NULL, 1),
--(19, 'rahul_tripathi@laguna-clothing.com', '2017-04-11 12:36:39', 'LEVEL1', '8130658186', 'Rahul ', NULL, '$2a$10$RQY/.PwUWtd67lDBOo2DN.o.pevQrdQUNG7Z9xAbcNdmGOiOiaS6i', 'USER', 'MERCHANDISING', NULL, 1),
--(21, 'kajol_singh@laguna-clothing.com', '2017-05-24 18:18:22', 'LEVEL1', '9430689386', 'Kajol Singh', NULL, '$2a$10$nSOWMsqc3hWYesVIM4F4VOJ51euzPckiJIngydvhN3gE2kQswLkVa', 'USER', 'MERCHANDISING', NULL, 1),
--(22, 'parul_vyas@laguna-clothing.com', '2017-04-11 12:59:35', 'LEVEL1', '8296469144', 'Parul Vyas', NULL, '$2a$10$SVkPYlUAmDQ6CV6slTPBEeRT0PvMcyxMJdnr1/8Bxb2OPN9U7O8jW', 'USER', 'MERCHANDISING', NULL, 1),
--(23, 'srivastava_snigdha@laguna-clothing.com', '2017-04-11 13:01:55', 'LEVEL1', '9140548931', 'Snigdha Srivastava', NULL, '$2a$10$.zVonrRHqJPQIsNzNMmvweFnzf5wtvvj4GEgLMt.OvicsSyo4Tyu2', 'USER', 'MERCHANDISING', NULL, 1),
--(24, 'pavan_r@laguna-clothing.com', '2017-04-11 13:06:41', 'LEVEL1', '9964816831', 'Pavan Kumar R', NULL, '$2a$10$HVaiv8gC9eqx.mHwRDAjg.tEjlS05UaEfOWfwqit/ZD5TdXOxoAKK', 'USER', 'MERCHANDISING', NULL, 1),
--(25, 'Bhagyashree_sidavadkar@laguna-clothing.com', '2017-05-03 23:44:23', 'LEVEL1', '9904601999', 'Bhagyashree Sidavadkar', NULL, '$2a$10$9wHmS6Y0qIgqB7vEUPgLYekGZDRHRheCC/54VT6D3d6R0aHQHzXpC', 'USER', 'MERCHANDISING', NULL, 1),
--(26, 'bhawana_vashisht@laguna-clothing.com', '2017-04-11 13:21:43', 'LEVEL2', '8296494658', 'Bhawana Vashisht', NULL, '$2a$10$rtcgJuej8sP6zIZCIYI.deHII.cXfs7q2e3dcofL5xLly1L6Nf5Qa', 'USER', 'MERCHANDISING', NULL, 1),
--(27, 'anupriya_jain@laguna-clothing.com', '2017-04-11 13:27:32', 'LEVEL1', '8904662716', 'Anupriya Jain', NULL, '$2a$10$SWRDKobbbo3sUzcSD6Ct.OaTxY5clvOJ163wSsvL2P3ujt.ujcXMO', 'USER', 'MERCHANDISING', NULL, 1),
--(28, 'shivangi_agrawal@laguna-clothing.com', '2017-04-11 13:31:35', 'LEVEL1', '7903702620', 'Shivangi ', NULL, '$2a$10$ojTAqmRzzNv.6RIiB9J0vOdQlUiCY5p..2xJI7FGvJF0guidbbr4y', 'USER', 'MERCHANDISING', NULL, 1),
--(51, 'abhishek_r@laguna-clothing.com', '2017-04-14 11:47:08', 'LEVEL4', '9560468352', 'Abhishek Ranjan', NULL, '$2a$10$ASwwtpPJ9WkcPy3uDBGx7OHGmEdpe4kxzPkBLHeUOIbNtKVCpE4wC', 'ADMIN', 'MERCHANDISING', NULL, 1),
--(30, 'rohit_vasawade@laguna-clothing.com', '2017-04-13 11:32:54', 'LEVEL1', '7698779632', 'Rohit Vasawade', NULL, '$2a$10$7IQ.aVJyzJrgghI6c82kIewb7j0vvyZUjwa/ugwCa.g.tL9Hd74mS', 'USER', 'MERCHANDISING', NULL, 1),
--(31, 'puja_patel@laguna-clothing.com', '2017-04-13 11:41:21', 'LEVEL1', '9108634293', 'Puja Patel', NULL, '$2a$10$dV0PjtzgSVYbHop3BBbBSOewMiJSGwG8.p76XjJy6fOKaUUXuus9K', 'USER', 'MERCHANDISING', NULL, 1),
--(32, 'chauhan_khushboo@laguna-clothing.com', '2017-04-13 11:45:01', 'LEVEL1', '9686783718', 'Khusboo Chauhan', NULL, '$2a$10$Z7BPp6gXCaLyusdgA6zYfefgupZdoSlqVJHDLVpXcv0lGWglqLdDm', 'USER', 'MERCHANDISING', NULL, 1),
--(33, 'ananya_ray@laguna-clothing.com', '2017-04-13 11:47:40', 'LEVEL1', '9994185202', 'Ananya Ray', NULL, '$2a$10$BbGW.sTfTSAbeWq9aKvbl.2ZrvDAvabucOzAy2FxtTkz7HWhxq216', 'USER', 'MERCHANDISING', NULL, 1),
--(34, 'malini_vishu@laguna-clothing.com', '2017-04-13 11:54:32', 'LEVEL2', '9845764289', 'Malini Vishwanath', NULL, '$2a$10$eq2JN/LSdi8v6ecdNom.x.GxgL9KFjBuMDt1mM986pmp6yRRtxWkG', 'USER', 'MERCHANDISING', NULL, 1),
--(35, 'dy_smitha@laguna-clothing.com', '2017-04-23 22:45:57', 'LEVEL2', '9845733216', 'Smitha D Yajaman', NULL, '$2a$10$bkAjTVrxaYGW3YzUBXx1Ae0Cq4HJ/86tNhJ4rJstHOHaoSjHIN48m', 'USER', 'MERCHANDISING', NULL, 1),
--(36, 'chippy_dennis@laguna-clothing.com', '2017-04-13 12:05:12', 'LEVEL1', '9886894986', 'Chippy Dennis', NULL, '$2a$10$K0.CWs.OezC4koJPASngF.eLZEZrmr.rEtSJq9o266Z/TPCIpllOy', 'USER', 'MERCHANDISING', NULL, 1),
--(37, 'radhika_mendiratta@laguna-clothing.com', '2017-04-17 16:50:24', 'LEVEL1', '9560894577', 'Radhika Mendiratta', NULL, '$2a$10$WxGxJt9y3Ro.4v9wKpt.SeMahlLB5j5Ir5uF/Y2b90aPVTPnH6L5O', 'USER', 'MERCHANDISING', NULL, 1),
--(38, 'harshdeep_singh@laguna-clothing.com', '2017-04-13 12:16:29', 'LEVEL1', '7829724704', 'Harshdeep Singh', NULL, '$2a$10$77LBtf0gyrJ1R0hSGyqNruZrnfzzRKYjSQAOMgjtMU3JpaZIQpji2', 'USER', 'MERCHANDISING', NULL, 1),
--(39, 'shubhangi_sagar@laguna-clothing.com', '2017-04-13 12:20:10', 'LEVEL1', '8100421951', 'Shubhangi Sagar', NULL, '$2a$10$o.wlskTKNDqg30WTsCyDW.ZijMQq0/oqbh3OwfXM0I8XtQEVE7Qqq', 'USER', 'MERCHANDISING', NULL, 1),
--(40, 'rajeshwari_v@laguna-clothing.com', '2017-04-13 12:23:23', 'LEVEL2', '9886900291', 'Rajeshwari V', NULL, '$2a$10$8/1gHpXK4nVZ/Dem7AhwleTnyqsUErjc.sI5mDCKtaKC8d3XRQ/oi', 'USER', 'MERCHANDISING', NULL, 1),
--(41, 'manjula_chagi@laguna-clothing.com', '2017-04-13 12:37:02', 'LEVEL1', '9901023973', 'Manjula Chagi', NULL, '$2a$10$XPyPc4vPZ7Tz1VgI6S8VauFOnsgGc.ZT4c695rOwdiswd5QYlsdHK', 'USER', 'MERCHANDISING', NULL, 1),
--(42, 'ganesh_falle@laguna-clothing.com', '2017-04-13 12:49:16', 'LEVEL1', '9986254752', 'Ganesh Falle', NULL, '$2a$10$SjQrlzKvAscqX.rw9j5ONu1m9rrUwtFs1zz0QiqqJKZxrVrkD6Fb6', 'USER', 'MERCHANDISING', NULL, 1),
--(43, 'vibhanshu_srivastava@laguna-clothing.com', '2017-04-13 16:15:49', 'LEVEL1', '7842960121', 'Vibhanshu Srivastava', NULL, '$2a$10$N7OG/kF4bOsRHtvasbF/GuLfpJMmfkI1xwr09Fe/v4z90SfqLwXmG', 'USER', 'MERCHANDISING', NULL, 1),
--(44, 'himanshu_kamble@laguna-clothing.com', '2017-04-13 16:26:50', 'LEVEL1', '9021611668', 'Himanshu Kamble', NULL, '$2a$10$IxMWgI2kXRUf1eHEh2UQqOQfAKzHiPA2o6NOXdxOV5YSgF8j6XmDK', 'USER', 'MERCHANDISING', NULL, 1),
--(45, 'sushreeta_mukherjee@laguna-clothing.com', '2017-04-13 16:28:14', 'LEVEL1', '9686556150', 'Sushreeta Mukherjee', NULL, '$2a$10$V9nG7CiSWgCnZUUysuLZ7ejTDSN4R7PTsUuyNHuZWSapRk3F1JH6O', 'USER', 'MERCHANDISING', NULL, 1),
--(46, 'thyagu_rajan@laguna-clothing.com', '2017-04-13 16:29:44', 'LEVEL1', '9916524239', 'Thyagu', NULL, '$2a$10$W.Lq/uz.lKU7xo0UoEMGHepqUAKBKLO1RxKPIhRMIx4i5QEO1qJyS', 'USER', 'MERCHANDISING', NULL, 1),
--(47, 'shivashankars25@gmail.com', '2017-04-13 16:52:26', 'LEVEL0', '8971159368', 'Shivashankar SM', NULL, '$2a$10$hvOikmpyw2b3ImjoQj4K5uP1KFUFMKd.6J3cpz9HzpldqptKzQa1C', 'USER', 'SAMPLING', NULL, 1),
--(48, 'akhsh_kriti@laguna-clothing.com', '2017-04-13 17:08:18', 'LEVEL0', '9535429328', 'Akhsh Kriti', NULL, '$2a$10$hOv6FHsXOYm4JbNGHc.y1.RgOZGwnX5l6SpvYL0Z7frYb4LYKZeh.', 'USER', 'SAMPLING', NULL, 1),
--(49, 'stuti_pinge@laguna-clothing.com', '2017-04-14 10:44:53', 'LEVEL1', '9704743044', 'Stuti Pinge', NULL, '$2a$10$37i80pIshT6nkSfAXOa42u9cpJLbWgfV7erMGeUhgVw0wKyM2rPr.', 'USER', 'MERCHANDISING', NULL, 1),
--(50, 'manas_chaitanya@laguna-clothing.com', '2017-04-14 11:32:46', 'LEVEL1', '9704771194', 'Chaitanya Manas', NULL, '$2a$10$ZoMItoYoLEH1pX6sTHw2iOXHPSntzbQnp7E8jB/NoGFav3JvMDVkC', 'USER', 'MERCHANDISING', NULL, 1),
--(52, 'vedamurthikm@gmail.com', '2017-04-14 13:13:45', 'LEVEL0', '9743824036', 'Vedamurthi KM', NULL, '$2a$10$iZhiU6SedvVyCcCHcoX/8.KxsdfpA87KzbFJwT3QWB5gB1yWNaeXW', 'USER', 'SAMPLING', NULL, 1),
--(53, 'arumugam_d@laguna-clothing.com', '2017-05-29 09:22:08', 'LEVEL0', '9972229396', 'Arumugan D', '378291', '$2a$10$tiUNz0X/AuF1t/OZHPlWcOHgTd0pUrptNRhOB7Gqz1bBOhxTH425a', 'USER', 'SAMPLING', NULL, 1),
--(54, 'praveen_s@laguna-clothing.com', '2017-04-14 13:38:43', 'LEVEL0', '9566352595', 'Praveen Kumar S', NULL, '$2a$10$xjlcdYYJZ9NTeiBIaYWqcO4mmvAW1TNeWqbF9vcLRhgIqETMfvOI.', 'USER', 'SAMPLING', NULL, 1),
--(55, 'shajin_r@laguna-clothing.com', '2017-04-14 13:49:35', 'LEVEL0', '9060643486', 'Shajin R', NULL, '$2a$10$cTpJQ.y64iM2wM0SbtmkKOK.ktFe1.2NM44Tb..71QNINM5e.eK0e', 'USER', 'SAMPLING', NULL, 1),
--(56, 'tina_s@laguna-clothing.com', '2017-04-17 21:36:04', 'LEVEL1', '8884008871', 'Tina S', NULL, '$2a$10$EFRmnAHhXUPNjkRakH9Q9.39GmnFZSJdv6aFF2pb2ykR7K5o.TQ72', 'USER', 'MERCHANDISING', NULL, 1),
--(57, 'rajendrareddy45@gmail.com', '2017-04-18 14:40:52', 'LEVEL0', '8970056292', 'Rajendra', NULL, '$2a$10$C0gdU5w/A38lFpW7epxVBeZtcWrNPAH7rqi.SBwMsaIIVFlI0MMgu', 'USER', 'SAMPLING', NULL, 1),
--(58, 'manjunatha_c@laguna-clothing.com', '2017-04-18 14:45:31', 'LEVEL0', '9845841274', 'Manjunatha', NULL, '$2a$10$jWVunm3ofbXqJpxAF0vTjOl4pX69XiMAXAAgv5o6zeK1oxkIeS8tq', 'USER', 'SAMPLING', NULL, 1),
--(59, 'karthik_k@laguna-clothing.com', '2017-04-18 14:57:49', 'LEVEL0', '8553112169', 'Karthik K', NULL, '$2a$10$VckeowiRSheQEkY32414/.np5HZtsjSlDvVb0AiMBLSmJeg5iWVwm', 'USER', 'SAMPLING', NULL, 1),
--(60, 'p_pavan@laguna-clothing.com', '2017-04-20 15:31:18', 'LEVEL0', '9945579606', 'Pavan P', NULL, '$2a$10$hkjyYv1gpO7fd/FS73M1DuhXHdMJDx06p1tsRWaBmhaVTqwslr1iW', 'USER', 'SAMPLING', NULL, 1),
--(61, 'muthuram_barathy@laguna-clothing.com', '2017-04-24 11:33:34', 'LEVEL3', '9739941155', 'Muthuram Barathy', NULL, '$2a$10$AzqEXb2CGFk7cr1lMGopGuCWS5eMmGBcFNG/X2N3VKc6rx8NqpX.6', 'USER', 'MERCHANDISING', NULL, 1),
--(62, 'test_user@gmail.com', '2017-04-26 15:56:47', 'LEVEL0', '8904360418', 'Test User', NULL, '$2a$10$UnHdbe1xu4VUzTxUU4hf7u4y5h7c0PJPKDSvEraLLnC4xXIyKmYcq', 'USER', 'SAMPLING', NULL, 1),
--(64, 'akshar3@gmail.com', '2017-04-26 17:32:02', 'LEVEL4', '9880376883', 'Akshara Kumar', NULL, '$2a$10$6Jg7hZc/rYUifiEvAhKoK.OFqbJGQxwr48P3eCPaRrUru1n087rQa', 'ADMIN', 'SAMPLING', NULL, 1);
--
--INSERT INTO `user` (`user_id`, `name`, `email`, `password`, `level`, `desgn_id`, `mobile`, `role`, `user_type`, `active`, `last_modified`) VALUES
--(55555, 'Zahid Raza', 'mzraza2@gmail.com', 'aeb20dfffa29495820cc5873ba31e4d9', 'LEVEL2', 35, '9739941166', 'USER', 'FACTORY', 1, '2017-06-17 02:00:48'),
--(50138, 'Sadashiv Naik', 'sadashiv_naik@laguna-clothing.com', 'aeb20dfffa29495820cc5873ba31e4d9', 'LEVEL2', 35, '9739941166', 'USER', 'FACTORY', 1, '2017-06-17 02:00:48'),
--(50084, 'Veerbhadraiah S C', 'veerbhadraiah', '90736ab937f0d7e37ffa7cf5f69c01ba', 'LEVEL0', 42, '9972226320', 'USER', 'FACTORY', 1, '2017-06-17 02:00:48'),
--(50598, 'Badekhan Basarigidada', 'khansab.n71@gmail.com', '1963bd5135521d623f6c29e6b1174975', 'LEVEL0', 40, '9902503876', 'USER', 'FACTORY', 1, '2017-06-17 02:00:48'),
--(50793, 'Pavan P', 'pavan', 'edcae7b575f3904be9cb2b580b02c069', 'LEVEL4', NULL, '9945579606', 'ADMIN', 'FACTORY', 1, '2017-06-17 02:00:48'),
--(50452, 'Anil kumar', 'anil1', '12cc0384b6ff0f34f8923e38ca4a71d7', 'LEVEL1', 20, '9886860498', 'USER', 'FACTORY', 1, '2017-06-17 02:00:48'),
--(50418, 'Rudraswamy M C', 'rudraswamy', '762a169d48fcb142ea8f285b1fd9da47', 'LEVEL0', 41, '9741029624', 'USER', 'FACTORY', 1, '2017-06-17 02:00:48'),
--(50622, 'Kumar M', 'kumar', 'beba3d1f306cd34ed7ddda51ce0a3dad', 'LEVEL0', 42, '9742288156', 'USER', 'FACTORY', 1, '2017-06-17 02:00:48'),
--(50242, 'Bassapa', 'bassapa', 'f8f183707b97c8f1dff917e80334c7c6', 'LEVEL0', 40, '9620975664', 'USER', 'FACTORY', 1, '2017-06-17 02:00:48'),
--(50038, 'Basavaraju H M', 'basavaraju', '82e684c79e022fd7421ca768b07ca437', 'LEVEL0', 41, '9148042886', 'USER', 'FACTORY', 1, '2017-06-17 02:00:48'),
--(50510, 'Geetha Shedthi', 'geetha', '8a5114a3f721b1a52e28f7ee4531a089', 'LEVEL1', 12, '9663410419', 'USER', 'FACTORY', 1, '2017-06-17 02:00:48'),
--(13055, 'Shivagirijama B N', 'shivagirijama', '77e1a1699081e03a3620a03c1a70f4d4', 'LEVEL1', 11, '8197787097', 'USER', 'FACTORY', 1, '2017-06-17 02:00:48'),
--(50370, 'Noorulla N', 'noorulla', 'b9a0e5ec9012d04ddf45f611318bdd8f', 'LEVEL1', 14, '9901114039', 'USER', 'FACTORY', 1, '2017-06-17 02:00:48'),
--(50532, 'Devivara Prasad', 'devivara', 'af348b048a519757ae586c57399bde51', 'LEVEL1', 43, '9916791058', 'USER', 'FACTORY', 1, '2017-06-17 02:00:48'),
--(50658, 'Sumit Kharb', 'sumit1', '7a05db41ca63dbf71ec11d08b8cf6606', 'LEVEL2', 32, '7022067700', 'USER', 'FACTORY', 1, '2017-06-17 02:00:48'),
--(50303, 'Premanand G S', 'premanand1', '0bdbfa066ee664e1b21a94e81229802c', 'LEVEL1', 23, '9483807440', 'USER', 'FACTORY', 1, '2017-06-17 02:00:48'),
--(50308, 'Umesh Y B', 'umesh', '9047bcf74f2ffc5c56b944382c6cf44c', 'LEVEL1', 8, '9742414209', 'USER', 'FACTORY', 1, '2017-06-17 02:00:48'),
--(50345, 'Sundara C', 'sundara', 'b237700308f552f88d249eadf4973020', 'LEVEL1', 7, '9538242388', 'USER', 'FACTORY', 1, '2017-06-17 02:00:48'),
--(50186, 'Vikas Shrivastav', 'vikas', 'c5f82d5b13e40a68f87b0e113c801ff1', 'LEVEL2', 27, '9620333831', 'USER', 'FACTORY', 1, '2017-06-17 02:00:48'),
--(50518, 'G Vijaykumar', 'g_vijaykumar', 'faac925e681eaa11b7be6a759a2f09f5', 'LEVEL1', 6, '9739322779', 'USER', 'FACTORY', 1, '2017-06-17 02:00:48'),
--(50108, 'Efren Mario Rosales', 'efren', '00a2c879f8d72c6b90e30c439e59dabc', 'LEVEL3', 38, '9739900518', 'USER', 'FACTORY', 1, '2017-06-17 02:00:48'),
--(50614, 'Mohan Kumar SC', 'mohan', '4b5e05301b84041b720c8b59cea3df86', 'LEVEL1', 5, '9886655948', 'USER', 'FACTORY', 1, '2017-06-17 02:00:48'),
--(50680, 'Pradeepa N', 'pradeepa', '65eb5cd761a33659479ff5747b139541', 'LEVEL1', 22, '9740237214', 'USER', 'FACTORY', 1, '2017-06-17 02:00:48'),
--(50302, 'Koushik M N', 'koushik1', '5c5b8c9011db2fe53893832f5cd246c5', 'LEVEL1', 22, '9945960990', 'USER', 'FACTORY', 1, '2017-06-17 02:00:48'),
--(50399, 'Venugopal', 'venugopal', '6181d9db656efc991aa323a7c824443c', 'LEVEL1', 19, '9844539193', 'USER', 'FACTORY', 1, '2017-06-17 02:00:48'),
--(50481, 'Sandeep A P', 'sandeep', 'e0c0166ca3c3283acd6be511b24f922f', 'LEVEL1', 20, '7760752506', 'USER', 'FACTORY', 1, '2017-06-17 02:00:48'),
--(50571, 'Ningegodwa S', 'www.ningegowdangowdas@gmail.com', 'fd1cf9c232ef3704735da30e6c96ebf4', 'LEVEL1', 19, '9880482420', 'USER', 'FACTORY', 1, '2017-06-17 02:00:48'),
--(50270, 'Shivlinge Godwa K N', 'shivlinge', '8976d1ded96cbc40f029bb1ab2f20291', 'LEVEL1', 18, '9880400991', 'USER', 'FACTORY', 1, '2017-06-17 02:00:48'),
--(50342, 'Naveen Kumar VM', 'naveen', 'b2b0b006abe2e8ca265a6c059de9e61a', 'LEVEL1', 16, '9900963733', 'USER', 'FACTORY', 1, '2017-06-17 02:00:48'),
--(50611, 'Jay Khadka', 'jay', '3cfb51b1b6f64670dcbbaf7ee026ebd8', 'LEVEL1', 17, '9686954665', 'USER', 'FACTORY', 1, '2017-06-17 02:00:48'),
--(15902, 'Venugopal G', 'Venugopal_g', '33fa4c11eb440055dc3575b699e57a41', 'LEVEL1', 9, '9986736672', 'USER', 'FACTORY', 1, '2017-06-17 02:00:48'),
--(50647, 'Ramesh T A', 'ramesh', '5996fa1f684e1b1583d7b741246e1116', 'LEVEL1', 15, '8861514520', 'USER', 'FACTORY', 1, '2017-06-17 02:00:48'),
--(50268, 'Shivakumar S', 'shivakumar1', '03e2c9213e79169fa937dbc91726a016', 'LEVEL1', 9, '9880144411', 'USER', 'FACTORY', 1, '2017-06-17 02:00:48'),
--(50798, 'Manesh Kumar KR', 'kr_manesh@laguna-clothing.com', 'cf8353ee551f66bfeed9cb8553b11ffb', 'LEVEL2', 30, '9901744544', 'USER', 'FACTORY', 1, '2017-06-17 02:00:48'),
--(50617, 'Guruprasad M E', 'guruprasad', 'cec6f62cfb44b1be110b7bf70c8362d8', 'LEVEL1', 24, '9964082193', 'USER', 'FACTORY', 1, '2017-06-17 02:00:48'),
--(50520, 'Mamin Khan', 'mamin', 'fef1a9a2f7c8ef2bd7cc75f7c703b447', 'LEVEL1', 13, '9972858931', 'USER', 'FACTORY', 1, '2017-06-17 02:00:48'),
--(50230, 'Rohit Singh', 'rohit_singh@laguna-clothing.com', 'e1ddfee0eb154b05a49d25be33f4cfce', 'LEVEL2', 31, '8197540090', 'USER', 'FACTORY', 1, '2017-06-17 02:00:48'),
--(50522, 'Srinivas A L', 'srinivas_al@laguna-clothing.com', '35f15120f47e1177a7d5e67312ee288f', 'LEVEL3', 36, '9880895636', 'USER', 'FACTORY', 1, '2017-06-17 02:00:48'),
--(50464, 'Puneet Kumar C', 'puneet', '9d324575d56a6a2fe04ae898f5cf873c', 'LEVEL1', 2, '9742938546', 'USER', 'FACTORY', 1, '2017-06-17 02:00:48'),
--(50525, 'Prashanth', 'prashanth', 'b02bffd7ed6f384ac704d85407a08959', 'LEVEL1', 1, '9535868143', 'USER', 'FACTORY', 1, '2017-06-17 02:00:48'),
--(50395, 'Nataraju B', 'nataraju_b@laguna-clothing.com', 'f38d90f27e4ea8b7ce92c5b645d9ab9b', 'LEVEL2', 28, '9341625995', 'USER', 'FACTORY', 1, '2017-06-17 02:00:48'),
--(50295, 'Smitha', 'smitha_shetty@laguna-clothing.com', 'bcb857fd5f707e56a546c615748c4b03', 'LEVEL2', 34, '9663766061', 'USER', 'FACTORY', 1, '2017-06-17 02:00:48'),
--(50552, 'Jeevraj P', 'jeevraj', '8b3ac9a93d73d9af70e874892720ef77', 'LEVEL2', 29, '9902252240', 'USER', 'FACTORY', 1, '2017-06-17 02:00:48'),
--(50287, 'Yogesh A P', 'yogesh', '9347ec4581105cb439fad487a0eaaf5e', 'LEVEL2', 25, '9164037945', 'USER', 'FACTORY', 1, '2017-06-17 02:00:48'),
--(50634, 'Ramesh Bangera', 'ramesh_bangera@laguna-clothing.com', '72ac5c39b519046533a1e087c010f58e', 'LEVEL2', 26, '7349736101', 'USER', 'FACTORY', 1, '2017-06-17 02:00:48'),
--(50254, 'Suresh M', 'suresh', 'd5953794bf6beced442ccd0e49f15b22', 'LEVEL1', 16, '9663772888', 'USER', 'FACTORY', 1, '2017-06-17 02:00:48'),
--(50703, 'punith kumar ', 'punith', '54466289cefe2a2321dd09d784f406b8', 'LEVEL1', 21, '9964223277', 'USER', 'FACTORY', 1, '2017-06-17 02:00:48'),
--(50619, 'Santosh', 'santosh', '3fe08ccb0b16c5e65e6d73c4873f0c51', 'LEVEL1', 10, '9591562092', 'USER', 'FACTORY', 1, '2017-06-17 02:00:48'),
--(16476, 'Nagaraju', 'nagaraju', '9a57e3f92dce5e3529279d77a8c9a512', 'LEVEL0', 42, '9741597227', 'USER', 'FACTORY', 1, '2017-06-17 02:00:48'),
--(50772, 'Abhishek', 'abhishek_r', '7a17be502b6285dcf6968af9317d5301', 'LEVEL4', NULL, '9560468352', 'ADMIN', 'FACTORY', 1, '2017-06-17 02:00:48'),
--(50126, 'Srinivas H P', 'srinivas_hp', 'fc72cfaaf6e9e9bff4006a53d6414585', 'LEVEL0', 42, '9986692825', 'USER', 'FACTORY', 1, '2017-06-17 02:00:48'),
--(50705, 'Shrikanth', 'shrikanth', 'af039341b7987354eddc9d33e49273ce', 'LEVEL0', 40, '8105275819', 'USER', 'FACTORY', 1, '2017-06-17 02:00:48'),
--(54321, 'Manish Sinha', 'manish_sinha@laguna-clothing.com', '424435d63b8d29a87be34d94f7c743de', 'LEVEL3', 37, '9739995006', 'USER', 'FACTORY', 1, '2017-06-17 02:00:48'),
--(50644, 'RAGHU A O', 'raghu', '688fd90d6ff0a3a0ec652b2198c0c82e', 'LEVEL0', 53, '9964052716', 'USER', 'FACTORY', 1, '2017-06-17 02:00:48'),
--(13799, 'Manjula', 'manjula1', 'd7cbe21db22a1f3446e8108f375f4046', 'LEVEL0', 53, '7338507959', 'USER', 'FACTORY', 1, '2017-06-17 02:00:48'),
--(50741, 'Gireesh M', 'gireesh', 'd2a7f2202fe153e0a773f34876ee5209', 'LEVEL0', 42, '9739001824', 'USER', 'FACTORY', 1, '2017-06-17 02:00:48'),
--(50128, 'Venkatesh', 'venkatesh1', 'e4aaa6c0c4ffe208218a0b07aead3001', 'LEVEL1', 56, '7760115645', 'USER', 'FACTORY', 1, '2017-06-17 02:00:48'),
--(50635, 'Bettuppa', 'bettuppa', '147f883c5176c5765b9e9e4f2be0c8ab', 'LEVEL1', 39, '9739978128', 'USER', 'FACTORY', 1, '2017-06-17 02:00:48'),
--(50593, 'Rajesh', 'rajesh', 'ad2b828999c31e6fb14a3420373f0276', 'LEVEL1', 56, '8095757543', 'USER', 'FACTORY', 1, '2017-06-17 02:00:48'),
--(50774, 'Lakshminanjundi', 'lakshmi_n@laguna-clothing.com', 'cd2ee31d31abea7e270c771e17c95186', 'LEVEL1', 55, '9591807945', 'USER', 'FACTORY', 1, '2017-06-17 02:00:48'),
--(50539, 'Kushagra', 'kushagra', '9aac67b230f2b4f0ae9ece9ed48eb0e7', 'LEVEL1', 55, '9886633023', 'USER', 'FACTORY', 1, '2017-06-17 02:00:48'),
--(50708, 'Aparna Singh', 'aparna', '178ba12616bc0323b0d3f40ebf2b1ba1', 'LEVEL1', 55, '7899388742', 'USER', 'FACTORY', 1, '2017-06-17 02:00:48'),
--(50707, 'Antara Paul', 'antara', '8e51d73067b9b8bdee62cefb99ef3092', 'LEVEL1', 55, '7406297926', 'USER', 'FACTORY', 1, '2017-06-17 02:00:48'),
--(50637, 'Pushpa', 'pushpa', 'bf0ec0aa0c4d8c805a5020ae9288ad1c', 'LEVEL2', 54, '9342271649', 'USER', 'FACTORY', 1, '2017-06-17 02:00:48'),
--(20672, 'Shivarudramma ', 'shivarudramma1', '72b65faced0f09a54345f1bf372a4ba7', 'LEVEL1', 47, '8861443656', 'USER', 'FACTORY', 1, '2017-06-17 02:00:48'),
--(50671, 'Shivarudramma ', 'shivarudramma2', '72b65faced0f09a54345f1bf372a4ba7', 'LEVEL1', 46, '8861443656', 'USER', 'FACTORY', 1, '2017-06-17 02:00:48'),
--(12915, 'Prena ', 'prena', 'a21efa42c22bf75916d10c88124b18fe', 'LEVEL1', 44, '9739437538', 'USER', 'FACTORY', 1, '2017-06-17 02:00:48'),
--(17951, 'pushpath', 'pushpath', 'a76aa2a71e02b698faa7f4842ddfbc9b', 'LEVEL1', 45, '9739318711', 'USER', 'FACTORY', 1, '2017-06-17 02:00:48'),
--(50592, 'Chandru Kumar', 'chandru', '30c0450b60db265c0377a768394249a9', 'LEVEL0', 53, '9739783635', 'USER', 'FACTORY', 1, '2017-06-17 02:00:48'),
--(50693, 'Ramalinga Nayka', 'ramalinga', '8134c85def1a6031be9556172e7ad044', 'LEVEL0', 53, '9008835457', 'USER', 'FACTORY', 1, '2017-06-17 02:00:48'),
--(14598, 'Manu Kumar V.R.', 'manu', '9d4a74c2699962149cb20b47a1092294', 'LEVEL0', 53, '9611829510', 'USER', 'FACTORY', 1, '2017-06-17 02:00:48'),
--(55554, 'Application', 'application', 'e216a2398ad1bdfd5e3460888e333fbb', 'LEVEL0', 40, '8904360418', 'USER', 'FACTORY', 1, '2017-06-17 02:00:48'),
--(30305, 'Premanand G S', 'premanand2', '0bdbfa066ee664e1b21a94e81229802c', 'LEVEL0', 53, '9483807440', 'USER', 'FACTORY', 1, '2017-06-17 02:00:48'),
--(50515, 'santhosh', 'santhosh1', '9c986de12f29faa84c8a78790d034582', 'LEVEL0', 41, '9964925764', 'USER', 'FACTORY', 1, '2017-06-17 02:00:48'),
--(50621, 'Manjula ', 'manjula2', '10765135765aa3182f3c6768e61a7c49', 'LEVEL0', 42, '9620177866', 'USER', 'FACTORY', 1, '2017-06-17 02:00:48'),
--(19791, 'Kantharaju', 'kantharaju', 'cc11641516be48f73ed4915248b90ebe', 'LEVEL0', 42, '7348846544', 'USER', 'FACTORY', 1, '2017-06-17 02:00:48'),
--(20202, 'Milan ', 'milan', '65890af0481c757f060b4a34a24fbed4', 'LEVEL0', 42, '9663410819', 'USER', 'FACTORY', 1, '2017-06-17 02:00:48'),
--(50216, 'Raju', 'raju', '864d7510e818923e1f46dd061cf33802', 'LEVEL2', 25, '9611308072', 'USER', 'FACTORY', 1, '2017-06-17 02:00:48'),
--(50312, 'B Gowda', 'b_gowda', 'e7742aecbebd82358f1542f3b1a374a5', 'LEVEL1', 3, '9591156368', 'USER', 'FACTORY', 1, '2017-06-17 02:00:48'),
--(50416, 'Manju', 'manju', '598fdb3ebc4444b77cfe2bb6dce19750', 'LEVEL1', 4, '7899336809', 'USER', 'FACTORY', 1, '2017-06-17 02:00:48'),
--(50440, 'Mahadev', 'mahadev1', '42b1be1a12909765a1dc8b72c25493f2', 'LEVEL1', 23, '9590010631', 'USER', 'FACTORY', 1, '2017-06-17 02:00:48'),
--(86205, 'Shivakumar', 'shivakumar2', '03e2c9213e79169fa937dbc91726a016', 'LEVEL0', 53, '9880144411', 'USER', 'FACTORY', 1, '2017-06-17 02:00:48'),
--(24305, 'Naveenkumar', 'naveenkumar', '444b0d9a802792791bb9a2da568b463d', 'LEVEL0', 53, '9900963733', 'USER', 'FACTORY', 1, '2017-06-17 02:00:48'),
--(91605, 'Santhosh', 'santhosh2', '3fe08ccb0b16c5e65e6d73c4873f0c51', 'LEVEL0', 53, '9591562092', 'USER', 'FACTORY', 1, '2017-06-17 02:00:48'),
--(20305, 'Koushik', 'koushik2', '35175214d2ed2b43fc5297b85e2803c9', 'LEVEL0', 53, '9945960990', 'USER', 'FACTORY', 1, '2017-06-17 02:00:48'),
--(16116, 'Sandhya', 'sandhya', 'df2b9e891e35777b7922e521b3231907', 'LEVEL0', 40, '8970768142', 'USER', 'FACTORY', 1, '2017-06-17 02:00:48'),
--(50517, 'Mahadev', 'mahadev2', '05215d02c565d54ba2b5f51155a7aa3a', 'LEVEL0', 40, '8553837923', 'USER', 'FACTORY', 1, '2017-06-17 02:00:48'),
--(50687, 'nihalkhan', 'nihalkhan', '33d20ad0a8bcee36de3400714a28210e', 'LEVEL1', 2, '9890745053', 'USER', 'FACTORY', 1, '2017-06-17 02:00:48'),
--(50225, 'Shivu', 'shivu', 'ba55fead28534097f37d0f418dff9be5', 'LEVEL0', 42, '9900325065', 'USER', 'FACTORY', 1, '2017-06-17 02:00:48'),
--(50333, 'Sanjay Kumar Jena', 'sanjay', '2ef9b21ed5e567855a88860027f3cc95', 'LEVEL0', 42, '9538129919', 'USER', 'FACTORY', 1, '2017-06-17 02:00:48'),
--(50448, 'Ravi V', 'ravi', '84d0a72d24f262dac3dc21c97cbcad9a', 'LEVEL0', 42, '9743509058', 'USER', 'FACTORY', 1, '2017-06-17 02:00:48'),
--(50678, 'Gangadhar', 'gangadhar', 'f68b68cb34d3e1c0091ff52b28f16cd8', 'LEVEL0', 53, '9743958338', 'USER', 'FACTORY', 1, '2017-06-17 02:00:48'),
--(50317, 'Murugan C', 'murugan', 'b0c7ae2316c7e8214fd659e4bc8a0dea', 'LEVEL0', 41, '9886751166', 'USER', 'FACTORY', 1, '2017-06-17 02:00:48'),
--(50686, 'Srinivas', 'srinivas', '932d86ee837511d7a58ff3bd0232f1e0', 'LEVEL0', 53, '9739803537', 'USER', 'FACTORY', 1, '2017-06-17 02:00:48'),
--(50417, 'Mahadevaya', 'mahadevaya', '1c77b368d637d8fef999b841b5cc8d20', 'LEVEL0', 53, '8105471870', 'USER', 'FACTORY', 1, '2017-06-17 02:00:48'),
--(50605, 'Sundresh', 'sundresh', '61a826fa67360f6dad401806c69e3232', 'LEVEL0', 53, '9632656666', 'USER', 'FACTORY', 1, '2017-06-17 02:00:48'),
--(50667, 'Raju 5', 'raju5', '6613e7debff7f97ab152f10d877c503b', 'LEVEL0', 53, '9740785965', 'USER', 'FACTORY', 1, '2017-06-17 02:00:48'),
--(50714, 'Siddu', 'siddappakhindi@gmail.com', '7927165f2bdc7271af20cec948db45e3', 'LEVEL0', 53, '9964076450', 'USER', 'FACTORY', 1, '2017-06-17 02:00:48'),
--(50376, 'Govindaya', 'govindaya', '0cfc3fe9df05d29fdc5fab4cd7a2e697', 'LEVEL0', 53, '9901003458', 'USER', 'FACTORY', 1, '2017-06-17 02:00:48'),
--(11111, 'Sumit Kharb', 'sumit2', '7a05db41ca63dbf71ec11d08b8cf6606', 'LEVEL4', NULL, '7022067700', 'ADMIN', 'FACTORY', 1, '2017-06-17 02:00:48'),
--(50780, 'Siddharaju', 'siddharaju', 'ed3b4390eb249b1501d8801bd148e966', 'LEVEL1', 18, '9972942432', 'USER', 'FACTORY', 1, '2017-06-17 02:00:48'),
--(50390, 'Basavaraj', 'basavaraj', '4b4ed0688c3b9fa5afe6359de248701b', 'LEVEL1', 23, '9900396510', 'USER', 'FACTORY', 1, '2017-06-17 02:00:48'),
--(17273, 'Mahesh', 'mahesh', 'd858670f814f6735173b6d491ec4569f', 'LEVEL1', 23, '9742939720', 'USER', 'FACTORY', 1, '2017-06-17 02:00:48'),
--(50456, 'Honnaraju', 'honnaraju', 'b73d2f160299e04c33906c0188fbba80', 'LEVEL1', 23, '7259114700', 'USER', 'FACTORY', 1, '2017-06-17 02:00:48'),
--(14840, 'Venkatesh', 'venkatesh2', 'db8ef5cbf318e09e3ad4ee83bd1995cf', 'LEVEL1', 23, '9036169550', 'USER', 'FACTORY', 1, '2017-06-17 02:00:48'),
--(50738, 'Kiran T', 'kiran', '0ef14034d661da1d3b05efce4bfed3d2', 'LEVEL0', 53, '9844916304', 'USER', 'FACTORY', 1, '2017-06-17 02:00:48'),
--(50259, 'Paramesh', 'paramesh', '5d6a34b5268907a9a4e090f446f89b27', 'LEVEL1', 13, '9035931975', 'USER', 'FACTORY', 1, '2017-06-17 02:00:48'),
--(50478, 'Shankar MM', 'shankar1', '76290464d27c571130f256abd4e9c74c', 'LEVEL1', 21, '9743209128', 'USER', 'FACTORY', 1, '2017-06-17 02:00:48'),
--(50682, 'sundaram B M', 'sundaram', '50d6960b69bb88a6c8e43044f2eaa62c', 'LEVEL4', NULL, '9886667175', 'ADMIN', 'FACTORY', 1, '2017-06-17 02:00:48'),
--(78605, 'Nihal Khan', 'nihal', '33d20ad0a8bcee36de3400714a28210e', 'LEVEL0', 40, '9890745053', 'USER', 'FACTORY', 1, '2017-06-17 02:00:48'),
--(18402, 'Nagaraj K', 'nagaraj', 'd8a8d4da03728444f0440c8de69afaba', 'LEVEL1', 23, '9945367509', 'USER', 'FACTORY', 1, '2017-06-17 02:00:48'),
--(50777, 'Madhu', 'madhu', 'f27f0ccb2afcb58815513b17746804ad', 'LEVEL0', 41, '9742884891', 'USER', 'FACTORY', 1, '2017-06-17 02:00:48'),
--(50752, 'Harif', 'harif', 'a0a03c6268ef9a771d53b279039692fd', 'LEVEL0', 41, '9663406856', 'USER', 'FACTORY', 1, '2017-06-17 02:00:48'),
--(50778, 'Sidha raj', 'sidha', '57901c0812dddecc78a5d51f4bc8e3a2', 'LEVEL0', 42, '8073092005', 'USER', 'FACTORY', 1, '2017-06-17 02:00:48'),
--(50642, 'Sashidhar', 'sashidhar', '25b999dc408ec58676b74b37548d1c7d', 'LEVEL0', 53, '8970679161', 'USER', 'FACTORY', 1, '2017-06-17 02:00:48'),
--(50795, 'Sampath Kumar', 'sampath', 'f0e0532a17b6e9196048c42f16d5a369', 'LEVEL0', 53, '9742843599', 'USER', 'FACTORY', 1, '2017-06-17 02:00:48'),
--(13970, 'Anil Kumar', 'anil2', 'ca03efc5170875a2c88a02803edecb50', 'LEVEL0', 53, '8095922727', 'USER', 'FACTORY', 1, '2017-06-17 02:00:48'),
--(50773, 'K Suresh', 'k_suresh', 'a225ae5e0b1f2fa9fea399051fa00d44', 'LEVEL0', 53, '9632251214', 'USER', 'FACTORY', 1, '2017-06-17 02:00:48'),
--(50284, 'Shankar B.N.', 'shankar2', 'b05ecaaa62352ded8aa5175427884200', 'LEVEL1', 4, '8951717949', 'USER', 'FACTORY', 1, '2017-06-17 02:00:48'),
--(50733, 'Ramakanth Nayak', 'ramakanth', '43d3f17f7a051c82f7f3734dcf03db6e', 'LEVEL1', 3, '9611343897', 'USER', 'FACTORY', 1, '2017-06-17 02:00:48');
